"brth_yr","gndr","ethcty","nm","cnt","rnk"
"2021","FEMALE","ASIAN AND PACIFIC ISLANDER","Chloe","71","1"
"2021","FEMALE","ASIAN AND PACIFIC ISLANDER","Olivia","71","1"
"2021","FEMALE","ASIAN AND PACIFIC ISLANDER","Emma","66","2"
"2021","FEMALE","ASIAN AND PACIFIC ISLANDER","Mia","59","3"
"2021","FEMALE","ASIAN AND PACIFIC ISLANDER","Ava","53","4"
"2021","FEMALE","ASIAN AND PACIFIC ISLANDER","Amelia","46","5"
"2021","FEMALE","ASIAN AND PACIFIC ISLANDER","Evelyn","44","6"
"2021","FEMALE","ASIAN AND PACIFIC ISLANDER","Sophia","43","7"
"2021","FEMALE","ASIAN AND PACIFIC ISLANDER","Aria","42","8"
"2021","FEMALE","ASIAN AND PACIFIC ISLANDER","Emily","39","9"
"2021","FEMALE","ASIAN AND PACIFIC ISLANDER","Charlotte","36","10"
"2021","FEMALE","ASIAN AND PACIFIC ISLANDER","Ella","34","11"
"2021","FEMALE","ASIAN AND PACIFIC ISLANDER","Zoey","34","11"
"2021","FEMALE","ASIAN AND PACIFIC ISLANDER","Hannah","34","11"
"2021","FEMALE","ASIAN AND PACIFIC ISLANDER","Luna","33","12"
"2021","FEMALE","ASIAN AND PACIFIC ISLANDER","Bella","33","12"
"2021","FEMALE","ASIAN AND PACIFIC ISLANDER","Maya","31","13"
"2021","FEMALE","ASIAN AND PACIFIC ISLANDER","Audrey","31","13"
"2021","FEMALE","ASIAN AND PACIFIC ISLANDER","Iris","29","14"
"2021","FEMALE","ASIAN AND PACIFIC ISLANDER","Maryam","29","14"
"2021","FEMALE","ASIAN AND PACIFIC ISLANDER","Ayesha","28","15"
"2021","FEMALE","ASIAN AND PACIFIC ISLANDER","Grace","27","16"
"2021","FEMALE","ASIAN AND PACIFIC ISLANDER","Hailey","27","16"
"2021","FEMALE","ASIAN AND PACIFIC ISLANDER","Ellie","26","17"
"2021","FEMALE","ASIAN AND PACIFIC ISLANDER","Tenzin","26","17"
"2021","FEMALE","ASIAN AND PACIFIC ISLANDER","Arya","26","17"
"2021","FEMALE","ASIAN AND PACIFIC ISLANDER","Zoe","26","17"
"2021","FEMALE","ASIAN AND PACIFIC ISLANDER","Zara","25","18"
"2021","FEMALE","ASIAN AND PACIFIC ISLANDER","Mirha","25","18"
"2021","FEMALE","ASIAN AND PACIFIC ISLANDER","Isabella","25","18"
"2021","FEMALE","ASIAN AND PACIFIC ISLANDER","Leah","24","19"
"2021","FEMALE","ASIAN AND PACIFIC ISLANDER","Alina","24","19"
"2021","FEMALE","ASIAN AND PACIFIC ISLANDER","Sarah","24","19"
"2021","FEMALE","ASIAN AND PACIFIC ISLANDER","Nora","22","20"
"2021","FEMALE","ASIAN AND PACIFIC ISLANDER","Harper","22","20"
"2021","FEMALE","ASIAN AND PACIFIC ISLANDER","Zainab","22","20"
"2021","FEMALE","ASIAN AND PACIFIC ISLANDER","Mila","21","21"
"2021","FEMALE","ASIAN AND PACIFIC ISLANDER","Anaya","21","21"
"2021","FEMALE","ASIAN AND PACIFIC ISLANDER","Lily","20","22"
"2021","FEMALE","ASIAN AND PACIFIC ISLANDER","Kaia","20","22"
"2021","FEMALE","ASIAN AND PACIFIC ISLANDER","Gianna","19","23"
"2021","FEMALE","ASIAN AND PACIFIC ISLANDER","Eleanor","19","23"
"2021","FEMALE","ASIAN AND PACIFIC ISLANDER","Celine","19","23"
"2021","FEMALE","ASIAN AND PACIFIC ISLANDER","Inaya","19","23"
"2021","FEMALE","ASIAN AND PACIFIC ISLANDER","Abigail","19","23"
"2021","FEMALE","ASIAN AND PACIFIC ISLANDER","Sofia","18","24"
"2021","FEMALE","ASIAN AND PACIFIC ISLANDER","Anna","18","24"
"2021","FEMALE","ASIAN AND PACIFIC ISLANDER","Riley","18","24"
"2021","FEMALE","ASIAN AND PACIFIC ISLANDER","Aurora","18","24"
"2021","FEMALE","ASIAN AND PACIFIC ISLANDER","Madison","17","25"
"2021","FEMALE","ASIAN AND PACIFIC ISLANDER","Fatima","17","25"
"2021","FEMALE","ASIAN AND PACIFIC ISLANDER","Ayat","16","26"
"2021","FEMALE","ASIAN AND PACIFIC ISLANDER","Amira","16","26"
"2021","FEMALE","ASIAN AND PACIFIC ISLANDER","Jannat","16","26"
"2021","FEMALE","ASIAN AND PACIFIC ISLANDER","Aisha","16","26"
"2021","FEMALE","ASIAN AND PACIFIC ISLANDER","Elena","16","26"
"2021","FEMALE","ASIAN AND PACIFIC ISLANDER","Penelope","15","27"
"2021","FEMALE","ASIAN AND PACIFIC ISLANDER","Emilia","15","27"
"2021","FEMALE","ASIAN AND PACIFIC ISLANDER","Eva","15","27"
"2021","FEMALE","ASIAN AND PACIFIC ISLANDER","Avery","15","27"
"2021","FEMALE","ASIAN AND PACIFIC ISLANDER","Scarlett","15","27"
"2021","FEMALE","ASIAN AND PACIFIC ISLANDER","Anya","14","28"
"2021","FEMALE","ASIAN AND PACIFIC ISLANDER","Aleena","14","28"
"2021","FEMALE","ASIAN AND PACIFIC ISLANDER","Hazel","14","28"
"2021","FEMALE","ASIAN AND PACIFIC ISLANDER","Sophie","14","28"
"2021","FEMALE","ASIAN AND PACIFIC ISLANDER","Phoebe","14","28"
"2021","FEMALE","ASIAN AND PACIFIC ISLANDER","Inaaya","14","28"
"2021","FEMALE","ASIAN AND PACIFIC ISLANDER","Kayla","13","29"
"2021","FEMALE","ASIAN AND PACIFIC ISLANDER","Serena","13","29"
"2021","FEMALE","ASIAN AND PACIFIC ISLANDER","Ariana","13","29"
"2021","FEMALE","ASIAN AND PACIFIC ISLANDER","Mahira","13","29"
"2021","FEMALE","ASIAN AND PACIFIC ISLANDER","Skylar","13","29"
"2021","FEMALE","ASIAN AND PACIFIC ISLANDER","Annie","13","29"
"2021","FEMALE","ASIAN AND PACIFIC ISLANDER","Claire","13","29"
"2021","FEMALE","ASIAN AND PACIFIC ISLANDER","Amara","12","30"
"2021","FEMALE","ASIAN AND PACIFIC ISLANDER","Layla","12","30"
"2021","FEMALE","ASIAN AND PACIFIC ISLANDER","Lydia","12","30"
"2021","FEMALE","ASIAN AND PACIFIC ISLANDER","Alaia","12","30"
"2021","FEMALE","ASIAN AND PACIFIC ISLANDER","Isla","12","30"
"2021","FEMALE","ASIAN AND PACIFIC ISLANDER","Stella","12","30"
"2021","FEMALE","ASIAN AND PACIFIC ISLANDER","Ayla","12","30"
"2021","FEMALE","ASIAN AND PACIFIC ISLANDER","Amaya","12","30"
"2021","FEMALE","ASIAN AND PACIFIC ISLANDER","Naomi","11","31"
"2021","FEMALE","ASIAN AND PACIFIC ISLANDER","Hania","11","31"
"2021","FEMALE","ASIAN AND PACIFIC ISLANDER","Aliya","11","31"
"2021","FEMALE","ASIAN AND PACIFIC ISLANDER","Elizabeth","11","31"
"2021","FEMALE","ASIAN AND PACIFIC ISLANDER","Vera","11","31"
"2021","FEMALE","ASIAN AND PACIFIC ISLANDER","Camille","11","31"
"2021","FEMALE","ASIAN AND PACIFIC ISLANDER","Fatimah","11","31"
"2021","FEMALE","ASIAN AND PACIFIC ISLANDER","Zoya","11","31"
"2021","FEMALE","ASIAN AND PACIFIC ISLANDER","Noor","11","31"
"2021","FEMALE","ASIAN AND PACIFIC ISLANDER","Humaira","11","31"
"2021","FEMALE","ASIAN AND PACIFIC ISLANDER","Madeline","11","31"
"2021","FEMALE","ASIAN AND PACIFIC ISLANDER","Zahra","11","31"
"2021","FEMALE","ASIAN AND PACIFIC ISLANDER","Joanna","11","31"
"2021","FEMALE","ASIAN AND PACIFIC ISLANDER","Amal","11","31"
"2021","FEMALE","ASIAN AND PACIFIC ISLANDER","Nyra","11","31"
"2021","FEMALE","ASIAN AND PACIFIC ISLANDER","Fiona","10","32"
"2021","FEMALE","ASIAN AND PACIFIC ISLANDER","Saanvi","10","32"
"2021","FEMALE","ASIAN AND PACIFIC ISLANDER","Nina","10","32"
"2021","FEMALE","ASIAN AND PACIFIC ISLANDER","Norah","10","32"
"2021","FEMALE","ASIAN AND PACIFIC ISLANDER","Hana","10","32"
"2021","FEMALE","ASIAN AND PACIFIC ISLANDER","Dua","10","32"
"2021","FEMALE","ASIAN AND PACIFIC ISLANDER","Summer","10","32"
"2021","FEMALE","ASIAN AND PACIFIC ISLANDER","Katherine","10","32"
"2021","FEMALE","ASIAN AND PACIFIC ISLANDER","Melody","10","32"
"2021","FEMALE","ASIAN AND PACIFIC ISLANDER","Minha","10","32"
"2021","FEMALE","ASIAN AND PACIFIC ISLANDER","Angela","10","32"
"2021","FEMALE","ASIAN AND PACIFIC ISLANDER","Freya","10","32"
"2021","FEMALE","ASIAN AND PACIFIC ISLANDER","Kira","10","32"
"2021","FEMALE","ASIAN AND PACIFIC ISLANDER","Alia","10","32"
"2021","FEMALE","ASIAN AND PACIFIC ISLANDER","Alisha","10","32"
"2021","FEMALE","ASIAN AND PACIFIC ISLANDER","Alyssa","10","32"
"2021","FEMALE","ASIAN AND PACIFIC ISLANDER","Lia","10","32"
"2021","FEMALE","ASIAN AND PACIFIC ISLANDER","Sara","10","32"
"2021","FEMALE","ASIAN AND PACIFIC ISLANDER","Alexandra","10","32"
"2021","FEMALE","ASIAN AND PACIFIC ISLANDER","Arisha","10","32"
"2021","FEMALE","ASIAN AND PACIFIC ISLANDER","Syeda","10","32"
"2021","FEMALE","BLACK NON HISPANIC","Ava","69","1"
"2021","FEMALE","BLACK NON HISPANIC","Nova","49","2"
"2021","FEMALE","BLACK NON HISPANIC","Gianna","47","3"
"2021","FEMALE","BLACK NON HISPANIC","Olivia","44","4"
"2021","FEMALE","BLACK NON HISPANIC","Fatoumata","41","5"
"2021","FEMALE","BLACK NON HISPANIC","Aaliyah","39","6"
"2021","FEMALE","BLACK NON HISPANIC","Serenity","38","7"
"2021","FEMALE","BLACK NON HISPANIC","Zuri","38","7"
"2021","FEMALE","BLACK NON HISPANIC","Amelia","37","8"
"2021","FEMALE","BLACK NON HISPANIC","Madison","36","9"
"2021","FEMALE","BLACK NON HISPANIC","Journee","35","10"
"2021","FEMALE","BLACK NON HISPANIC","Skylar","35","10"
"2021","FEMALE","BLACK NON HISPANIC","Aria","33","11"
"2021","FEMALE","BLACK NON HISPANIC","Riley","30","12"
"2021","FEMALE","BLACK NON HISPANIC","Fatima","29","13"
"2021","FEMALE","BLACK NON HISPANIC","Journey","29","13"
"2021","FEMALE","BLACK NON HISPANIC","Mariam","29","13"
"2021","FEMALE","BLACK NON HISPANIC","Autumn","29","13"
"2021","FEMALE","BLACK NON HISPANIC","Savannah","28","14"
"2021","FEMALE","BLACK NON HISPANIC","Brielle","28","14"
"2021","FEMALE","BLACK NON HISPANIC","Aminata","28","14"
"2021","FEMALE","BLACK NON HISPANIC","Reign","28","14"
"2021","FEMALE","BLACK NON HISPANIC","Nevaeh","27","15"
"2021","FEMALE","BLACK NON HISPANIC","Chloe","25","16"
"2021","FEMALE","BLACK NON HISPANIC","Leah","24","17"
"2021","FEMALE","BLACK NON HISPANIC","Naomi","24","17"
"2021","FEMALE","BLACK NON HISPANIC","Nyla","24","17"
"2021","FEMALE","BLACK NON HISPANIC","Kehlani","23","18"
"2021","FEMALE","BLACK NON HISPANIC","Layla","23","18"
"2021","FEMALE","BLACK NON HISPANIC","Khadija","22","19"
"2021","FEMALE","BLACK NON HISPANIC","Leilani","22","19"
"2021","FEMALE","BLACK NON HISPANIC","Amina","22","19"
"2021","FEMALE","BLACK NON HISPANIC","Jasmine","22","19"
"2021","FEMALE","BLACK NON HISPANIC","Khloe","22","19"
"2021","FEMALE","BLACK NON HISPANIC","Miracle","22","19"
"2021","FEMALE","BLACK NON HISPANIC","Mia","21","20"
"2021","FEMALE","BLACK NON HISPANIC","Ariah","21","20"
"2021","FEMALE","BLACK NON HISPANIC","Melody","21","20"
"2021","FEMALE","BLACK NON HISPANIC","Faith","21","20"
"2021","FEMALE","BLACK NON HISPANIC","Amaya","21","20"
"2021","FEMALE","BLACK NON HISPANIC","Summer","21","20"
"2021","FEMALE","BLACK NON HISPANIC","Abigail","20","21"
"2021","FEMALE","BLACK NON HISPANIC","Sarai","20","21"
"2021","FEMALE","BLACK NON HISPANIC","Amira","20","21"
"2021","FEMALE","BLACK NON HISPANIC","Milani","20","21"
"2021","FEMALE","BLACK NON HISPANIC","Kaylee","20","21"
"2021","FEMALE","BLACK NON HISPANIC","Dream","20","21"
"2021","FEMALE","BLACK NON HISPANIC","Aisha","19","22"
"2021","FEMALE","BLACK NON HISPANIC","Zoe","18","23"
"2021","FEMALE","BLACK NON HISPANIC","Luna","18","23"
"2021","FEMALE","BLACK NON HISPANIC","Harmony","18","23"
"2021","FEMALE","BLACK NON HISPANIC","Gabriella","18","23"
"2021","FEMALE","BLACK NON HISPANIC","Saige","18","23"
"2021","FEMALE","BLACK NON HISPANIC","Genesis","18","23"
"2021","FEMALE","BLACK NON HISPANIC","Legacy","18","23"
"2021","FEMALE","BLACK NON HISPANIC","Londyn","17","24"
"2021","FEMALE","BLACK NON HISPANIC","Alani","17","24"
"2021","FEMALE","BLACK NON HISPANIC","Aniyah","17","24"
"2021","FEMALE","BLACK NON HISPANIC","Bella","17","24"
"2021","FEMALE","BLACK NON HISPANIC","Kali","17","24"
"2021","FEMALE","BLACK NON HISPANIC","Isabella","17","24"
"2021","FEMALE","BLACK NON HISPANIC","Grace","17","24"
"2021","FEMALE","BLACK NON HISPANIC","Makayla","17","24"
"2021","FEMALE","BLACK NON HISPANIC","Zhuri","17","24"
"2021","FEMALE","BLACK NON HISPANIC","Arielle","17","24"
"2021","FEMALE","BLACK NON HISPANIC","Hawa","16","25"
"2021","FEMALE","BLACK NON HISPANIC","Jayla","16","25"
"2021","FEMALE","BLACK NON HISPANIC","London","16","25"
"2021","FEMALE","BLACK NON HISPANIC","Zariah","15","26"
"2021","FEMALE","BLACK NON HISPANIC","Aubrey","15","26"
"2021","FEMALE","BLACK NON HISPANIC","Zoey","15","26"
"2021","FEMALE","BLACK NON HISPANIC","Avery","15","26"
"2021","FEMALE","BLACK NON HISPANIC","Ariel","15","26"
"2021","FEMALE","BLACK NON HISPANIC","Eliana","15","26"
"2021","FEMALE","BLACK NON HISPANIC","Gabrielle","15","26"
"2021","FEMALE","BLACK NON HISPANIC","Victoria","15","26"
"2021","FEMALE","BLACK NON HISPANIC","Ella","15","26"
"2021","FEMALE","BLACK NON HISPANIC","Khadijah","15","26"
"2021","FEMALE","BLACK NON HISPANIC","Trinity","14","27"
"2021","FEMALE","BLACK NON HISPANIC","Kylie","14","27"
"2021","FEMALE","BLACK NON HISPANIC","Amiyah","14","27"
"2021","FEMALE","BLACK NON HISPANIC","Mariama","14","27"
"2021","FEMALE","BLACK NON HISPANIC","Jordyn","14","27"
"2021","FEMALE","BLACK NON HISPANIC","Zara","14","27"
"2021","FEMALE","BLACK NON HISPANIC","Rylee","14","27"
"2021","FEMALE","BLACK NON HISPANIC","Maya","14","27"
"2021","FEMALE","BLACK NON HISPANIC","Ariana","14","27"
"2021","FEMALE","BLACK NON HISPANIC","Sariyah","14","27"
"2021","FEMALE","BLACK NON HISPANIC","Arianna","14","27"
"2021","FEMALE","BLACK NON HISPANIC","Cali","14","27"
"2021","FEMALE","BLACK NON HISPANIC","Kyra","14","27"
"2021","FEMALE","BLACK NON HISPANIC","Sevyn","14","27"
"2021","FEMALE","BLACK NON HISPANIC","Aurora","14","27"
"2021","FEMALE","BLACK NON HISPANIC","Lyric","13","28"
"2021","FEMALE","BLACK NON HISPANIC","Sophia","13","28"
"2021","FEMALE","BLACK NON HISPANIC","Alyssa","13","28"
"2021","FEMALE","BLACK NON HISPANIC","Amara","13","28"
"2021","FEMALE","BLACK NON HISPANIC","Elizabeth","13","28"
"2021","FEMALE","BLACK NON HISPANIC","Alaia","13","28"
"2021","FEMALE","BLACK NON HISPANIC","Kamiyah","13","28"
"2021","FEMALE","BLACK NON HISPANIC","Peyton","13","28"
"2021","FEMALE","BLACK NON HISPANIC","Dior","13","28"
"2021","FEMALE","BLACK NON HISPANIC","Amora","13","28"
"2021","FEMALE","BLACK NON HISPANIC","Mackenzie","13","28"
"2021","FEMALE","BLACK NON HISPANIC","Lauren","13","28"
"2021","FEMALE","BLACK NON HISPANIC","Shiloh","13","28"
"2021","FEMALE","BLACK NON HISPANIC","Kaylani","13","28"
"2021","FEMALE","BLACK NON HISPANIC","Wynter","12","29"
"2021","FEMALE","BLACK NON HISPANIC","Laila","12","29"
"2021","FEMALE","BLACK NON HISPANIC","Mariah","12","29"
"2021","FEMALE","BLACK NON HISPANIC","Jade","12","29"
"2021","FEMALE","BLACK NON HISPANIC","Kaliyah","12","29"
"2021","FEMALE","BLACK NON HISPANIC","Paris","12","29"
"2021","FEMALE","BLACK NON HISPANIC","Malani","12","29"
"2021","FEMALE","BLACK NON HISPANIC","Milan","12","29"
"2021","FEMALE","BLACK NON HISPANIC","Mya","12","29"
"2021","FEMALE","BLACK NON HISPANIC","Athena","11","30"
"2021","FEMALE","BLACK NON HISPANIC","Arya","11","30"
"2021","FEMALE","BLACK NON HISPANIC","Aliyah","11","30"
"2021","FEMALE","BLACK NON HISPANIC","Sarah","11","30"
"2021","FEMALE","BLACK NON HISPANIC","Janiyah","11","30"
"2021","FEMALE","BLACK NON HISPANIC","Aissatou","11","30"
"2021","FEMALE","BLACK NON HISPANIC","Kennedy","11","30"
"2021","FEMALE","BLACK NON HISPANIC","Emma","11","30"
"2021","FEMALE","BLACK NON HISPANIC","Hannah","11","30"
"2021","FEMALE","BLACK NON HISPANIC","Egypt","11","30"
"2021","FEMALE","BLACK NON HISPANIC","Destiny","11","30"
"2021","FEMALE","BLACK NON HISPANIC","Kimora","11","30"
"2021","FEMALE","BLACK NON HISPANIC","India","10","31"
"2021","FEMALE","BLACK NON HISPANIC","Nia","10","31"
"2021","FEMALE","BLACK NON HISPANIC","Oumou","10","31"
"2021","FEMALE","BLACK NON HISPANIC","Kayla","10","31"
"2021","FEMALE","BLACK NON HISPANIC","Tori","10","31"
"2021","FEMALE","BLACK NON HISPANIC","Mila","10","31"
"2021","FEMALE","BLACK NON HISPANIC","Skye","10","31"
"2021","FEMALE","BLACK NON HISPANIC","Taylor","10","31"
"2021","FEMALE","BLACK NON HISPANIC","Isabelle","10","31"
"2021","FEMALE","BLACK NON HISPANIC","Nylah","10","31"
"2021","FEMALE","BLACK NON HISPANIC","Amoura","10","31"
"2021","FEMALE","BLACK NON HISPANIC","Aniya","10","31"
"2021","FEMALE","BLACK NON HISPANIC","Emily","10","31"
"2021","FEMALE","BLACK NON HISPANIC","Paige","10","31"
"2021","FEMALE","BLACK NON HISPANIC","Esther","10","31"
"2021","FEMALE","BLACK NON HISPANIC","Malia","10","31"
"2021","FEMALE","BLACK NON HISPANIC","Imani","10","31"
"2021","FEMALE","BLACK NON HISPANIC","Marley","10","31"
"2021","FEMALE","HISPANIC","Isabella","175","1"
"2021","FEMALE","HISPANIC","Luna","173","2"
"2021","FEMALE","HISPANIC","Emma","166","3"
"2021","FEMALE","HISPANIC","Mia","166","3"
"2021","FEMALE","HISPANIC","Camila","147","4"
"2021","FEMALE","HISPANIC","Sophia","140","5"
"2021","FEMALE","HISPANIC","Sofia","116","6"
"2021","FEMALE","HISPANIC","Gianna","104","7"
"2021","FEMALE","HISPANIC","Valentina","100","8"
"2021","FEMALE","HISPANIC","Alaia","96","9"
"2021","FEMALE","HISPANIC","Ava","94","10"
"2021","FEMALE","HISPANIC","Olivia","94","10"
"2021","FEMALE","HISPANIC","Amelia","93","11"
"2021","FEMALE","HISPANIC","Scarlett","81","12"
"2021","FEMALE","HISPANIC","Emily","79","13"
"2021","FEMALE","HISPANIC","Leah","78","14"
"2021","FEMALE","HISPANIC","Zoe","73","15"
"2021","FEMALE","HISPANIC","Victoria","72","16"
"2021","FEMALE","HISPANIC","Hailey","68","17"
"2021","FEMALE","HISPANIC","Abigail","64","18"
"2021","FEMALE","HISPANIC","Chloe","60","19"
"2021","FEMALE","HISPANIC","Genesis","60","19"
"2021","FEMALE","HISPANIC","Amy","59","20"
"2021","FEMALE","HISPANIC","Samantha","57","21"
"2021","FEMALE","HISPANIC","Layla","55","22"
"2021","FEMALE","HISPANIC","Mila","54","23"
"2021","FEMALE","HISPANIC","Penelope","53","24"
"2021","FEMALE","HISPANIC","Aaliyah","50","25"
"2021","FEMALE","HISPANIC","Elena","48","26"
"2021","FEMALE","HISPANIC","Grace","47","27"
"2021","FEMALE","HISPANIC","Emilia","46","28"
"2021","FEMALE","HISPANIC","Ella","45","29"
"2021","FEMALE","HISPANIC","Daniela","44","30"
"2021","FEMALE","HISPANIC","Madison","44","30"
"2021","FEMALE","HISPANIC","Alice","44","30"
"2021","FEMALE","HISPANIC","Charlotte","43","31"
"2021","FEMALE","HISPANIC","Melanie","43","31"
"2021","FEMALE","HISPANIC","Leilani","43","31"
"2021","FEMALE","HISPANIC","Violet","43","31"
"2021","FEMALE","HISPANIC","Ashley","43","31"
"2021","FEMALE","HISPANIC","Allison","42","32"
"2021","FEMALE","HISPANIC","Kylie","41","33"
"2021","FEMALE","HISPANIC","Kaylee","40","34"
"2021","FEMALE","HISPANIC","Hannah","40","34"
"2021","FEMALE","HISPANIC","Ariana","39","35"
"2021","FEMALE","HISPANIC","Elizabeth","39","35"
"2021","FEMALE","HISPANIC","Andrea","38","36"
"2021","FEMALE","HISPANIC","Maria","38","36"
"2021","FEMALE","HISPANIC","Amalia","37","37"
"2021","FEMALE","HISPANIC","Amaya","37","37"
"2021","FEMALE","HISPANIC","Emely","36","38"
"2021","FEMALE","HISPANIC","Valeria","36","38"
"2021","FEMALE","HISPANIC","Alina","35","39"
"2021","FEMALE","HISPANIC","Valerie","34","40"
"2021","FEMALE","HISPANIC","Eliana","34","40"
"2021","FEMALE","HISPANIC","Sarah","34","40"
"2021","FEMALE","HISPANIC","Danna","34","40"
"2021","FEMALE","HISPANIC","Bella","34","40"
"2021","FEMALE","HISPANIC","Avery","34","40"
"2021","FEMALE","HISPANIC","Maya","33","41"
"2021","FEMALE","HISPANIC","Jade","33","41"
"2021","FEMALE","HISPANIC","Amaia","32","42"
"2021","FEMALE","HISPANIC","Aria","32","42"
"2021","FEMALE","HISPANIC","Kimberly","32","42"
"2021","FEMALE","HISPANIC","Riley","32","42"
"2021","FEMALE","HISPANIC","Nova","31","43"
"2021","FEMALE","HISPANIC","Brianna","31","43"
"2021","FEMALE","HISPANIC","Eva","31","43"
"2021","FEMALE","HISPANIC","Savannah","30","44"
"2021","FEMALE","HISPANIC","Athena","30","44"
"2021","FEMALE","HISPANIC","Delilah","30","44"
"2021","FEMALE","HISPANIC","Sarai","30","44"
"2021","FEMALE","HISPANIC","Gabriella","29","45"
"2021","FEMALE","HISPANIC","Melody","29","45"
"2021","FEMALE","HISPANIC","Skylar","28","46"
"2021","FEMALE","HISPANIC","Naomi","28","46"
"2021","FEMALE","HISPANIC","Hazel","28","46"
"2021","FEMALE","HISPANIC","Kiara","27","47"
"2021","FEMALE","HISPANIC","Juliette","27","47"
"2021","FEMALE","HISPANIC","Zoey","27","47"
"2021","FEMALE","HISPANIC","Natalia","27","47"
"2021","FEMALE","HISPANIC","Jazlyn","27","47"
"2021","FEMALE","HISPANIC","Lucia","26","48"
"2021","FEMALE","HISPANIC","Kaylani","26","48"
"2021","FEMALE","HISPANIC","Khloe","26","48"
"2021","FEMALE","HISPANIC","Arya","26","48"
"2021","FEMALE","HISPANIC","Aurora","25","49"
"2021","FEMALE","HISPANIC","Diana","25","49"
"2021","FEMALE","HISPANIC","Ariella","24","50"
"2021","FEMALE","HISPANIC","Catalina","24","50"
"2021","FEMALE","HISPANIC","Evelyn","24","50"
"2021","FEMALE","HISPANIC","Alma","23","51"
"2021","FEMALE","HISPANIC","Serenity","23","51"
"2021","FEMALE","HISPANIC","Samara","23","51"
"2021","FEMALE","HISPANIC","Ana","23","51"
"2021","FEMALE","HISPANIC","Aylin","22","52"
"2021","FEMALE","HISPANIC","Esther","22","52"
"2021","FEMALE","HISPANIC","Gia","22","52"
"2021","FEMALE","HISPANIC","Gabriela","22","52"
"2021","FEMALE","HISPANIC","Melissa","21","53"
"2021","FEMALE","HISPANIC","Leila","21","53"
"2021","FEMALE","HISPANIC","Autumn","21","53"
"2021","FEMALE","HISPANIC","Antonella","21","53"
"2021","FEMALE","HISPANIC","Rose","21","53"
"2021","FEMALE","HISPANIC","Ximena","21","53"
"2021","FEMALE","HISPANIC","April","21","53"
"2021","FEMALE","HISPANIC","Isabelle","21","53"
"2021","FEMALE","HISPANIC","Alani","21","53"
"2021","FEMALE","HISPANIC","Alaya","21","53"
"2021","FEMALE","HISPANIC","Sienna","21","53"
"2021","FEMALE","HISPANIC","Lia","20","54"
"2021","FEMALE","HISPANIC","Celine","20","54"
"2021","FEMALE","HISPANIC","Cataleya","20","54"
"2021","FEMALE","HISPANIC","Natalie","20","54"
"2021","FEMALE","HISPANIC","Kehlani","20","54"
"2021","FEMALE","HISPANIC","Rylee","20","54"
"2021","FEMALE","HISPANIC","Michelle","20","54"
"2021","FEMALE","HISPANIC","Arianna","20","54"
"2021","FEMALE","HISPANIC","Aitana","20","54"
"2021","FEMALE","HISPANIC","Daphne","20","54"
"2021","FEMALE","HISPANIC","Ayla","20","54"
"2021","FEMALE","HISPANIC","Vanessa","19","55"
"2021","FEMALE","HISPANIC","Ruby","19","55"
"2021","FEMALE","HISPANIC","Isabel","19","55"
"2021","FEMALE","HISPANIC","Stella","18","56"
"2021","FEMALE","HISPANIC","Kailani","18","56"
"2021","FEMALE","HISPANIC","Isla","18","56"
"2021","FEMALE","HISPANIC","Adelyn","18","56"
"2021","FEMALE","HISPANIC","Kayla","18","56"
"2021","FEMALE","HISPANIC","Maia","18","56"
"2021","FEMALE","HISPANIC","Nevaeh","18","56"
"2021","FEMALE","HISPANIC","Sara","18","56"
"2021","FEMALE","HISPANIC","Amanda","18","56"
"2021","FEMALE","HISPANIC","Jayleen","18","56"
"2021","FEMALE","HISPANIC","Jazmin","18","56"
"2021","FEMALE","HISPANIC","Alana","18","56"
"2021","FEMALE","HISPANIC","Sophie","17","57"
"2021","FEMALE","HISPANIC","Adriana","17","57"
"2021","FEMALE","HISPANIC","Audrey","17","57"
"2021","FEMALE","HISPANIC","Brielle","17","57"
"2021","FEMALE","HISPANIC","London","17","57"
"2021","FEMALE","HISPANIC","Alyssa","17","57"
"2021","FEMALE","HISPANIC","Everly","17","57"
"2021","FEMALE","HISPANIC","Selena","17","57"
"2021","FEMALE","HISPANIC","Liliana","16","58"
"2021","FEMALE","HISPANIC","Liana","16","58"
"2021","FEMALE","HISPANIC","Amira","16","58"
"2021","FEMALE","HISPANIC","Lily","16","58"
"2021","FEMALE","HISPANIC","Evangeline","16","58"
"2021","FEMALE","HISPANIC","Milan","16","58"
"2021","FEMALE","HISPANIC","Angelina","16","58"
"2021","FEMALE","HISPANIC","Juliet","16","58"
"2021","FEMALE","HISPANIC","Itzel","16","58"
"2021","FEMALE","HISPANIC","Juliana","16","58"
"2021","FEMALE","HISPANIC","Skyla","16","58"
"2021","FEMALE","HISPANIC","Aubrey","16","58"
"2021","FEMALE","HISPANIC","Eileen","16","58"
"2021","FEMALE","HISPANIC","Leia","16","58"
"2021","FEMALE","HISPANIC","Skye","15","59"
"2021","FEMALE","HISPANIC","Angela","15","59"
"2021","FEMALE","HISPANIC","Arlet","15","59"
"2021","FEMALE","HISPANIC","Destiny","15","59"
"2021","FEMALE","HISPANIC","Mariana","15","59"
"2021","FEMALE","HISPANIC","Milani","15","59"
"2021","FEMALE","HISPANIC","Elisa","15","59"
"2021","FEMALE","HISPANIC","Karla","15","59"
"2021","FEMALE","HISPANIC","Jaylani","15","59"
"2021","FEMALE","HISPANIC","Alexandra","15","59"
"2021","FEMALE","HISPANIC","Julia","15","59"
"2021","FEMALE","HISPANIC","Kamila","15","59"
"2021","FEMALE","HISPANIC","Laia","15","59"
"2021","FEMALE","HISPANIC","Arleth","14","60"
"2021","FEMALE","HISPANIC","Scarlet","14","60"
"2021","FEMALE","HISPANIC","Nina","14","60"
"2021","FEMALE","HISPANIC","Nyla","14","60"
"2021","FEMALE","HISPANIC","Abby","14","60"
"2021","FEMALE","HISPANIC","Stephanie","14","60"
"2021","FEMALE","HISPANIC","Bianca","14","60"
"2021","FEMALE","HISPANIC","Camille","14","60"
"2021","FEMALE","HISPANIC","Keyla","14","60"
"2021","FEMALE","HISPANIC","Alexa","14","60"
"2021","FEMALE","HISPANIC","Ellie","14","60"
"2021","FEMALE","HISPANIC","Alia","14","60"
"2021","FEMALE","HISPANIC","Analia","14","60"
"2021","FEMALE","HISPANIC","Angelica","14","60"
"2021","FEMALE","HISPANIC","Nicole","14","60"
"2021","FEMALE","HISPANIC","Megan","14","60"
"2021","FEMALE","HISPANIC","Adeline","13","61"
"2021","FEMALE","HISPANIC","Eliza","13","61"
"2021","FEMALE","HISPANIC","Madelyn","13","61"
"2021","FEMALE","HISPANIC","Makayla","13","61"
"2021","FEMALE","HISPANIC","Nayla","13","61"
"2021","FEMALE","HISPANIC","Keily","12","62"
"2021","FEMALE","HISPANIC","Daisy","12","62"
"2021","FEMALE","HISPANIC","Jimena","12","62"
"2021","FEMALE","HISPANIC","Kaitlyn","12","62"
"2021","FEMALE","HISPANIC","Kelly","12","62"
"2021","FEMALE","HISPANIC","Dayana","12","62"
"2021","FEMALE","HISPANIC","Mya","12","62"
"2021","FEMALE","HISPANIC","Rachel","12","62"
"2021","FEMALE","HISPANIC","Nayeli","12","62"
"2021","FEMALE","HISPANIC","Winter","12","62"
"2021","FEMALE","HISPANIC","Kaia","12","62"
"2021","FEMALE","HISPANIC","Sage","12","62"
"2021","FEMALE","HISPANIC","Aleah","12","62"
"2021","FEMALE","HISPANIC","Aileen","12","62"
"2021","FEMALE","HISPANIC","Aliyah","12","62"
"2021","FEMALE","HISPANIC","Helen","12","62"
"2021","FEMALE","HISPANIC","Hope","12","62"
"2021","FEMALE","HISPANIC","Amber","12","62"
"2021","FEMALE","HISPANIC","Xiomara","12","62"
"2021","FEMALE","HISPANIC","Jaylin","12","62"
"2021","FEMALE","HISPANIC","Sarahi","12","62"
"2021","FEMALE","HISPANIC","Zuri","11","63"
"2021","FEMALE","HISPANIC","Luz","11","63"
"2021","FEMALE","HISPANIC","Peyton","11","63"
"2021","FEMALE","HISPANIC","Joy","11","63"
"2021","FEMALE","HISPANIC","Luciana","11","63"
"2021","FEMALE","HISPANIC","Phoenix","11","63"
"2021","FEMALE","HISPANIC","Jasmine","11","63"
"2021","FEMALE","HISPANIC","Jessica","11","63"
"2021","FEMALE","HISPANIC","Guadalupe","11","63"
"2021","FEMALE","HISPANIC","Joselyn","11","63"
"2021","FEMALE","HISPANIC","Carolina","11","63"
"2021","FEMALE","HISPANIC","Dream","11","63"
"2021","FEMALE","HISPANIC","Elianny","11","63"
"2021","FEMALE","HISPANIC","Alicia","11","63"
"2021","FEMALE","HISPANIC","Faith","11","63"
"2021","FEMALE","HISPANIC","Anastasia","11","63"
"2021","FEMALE","HISPANIC","Alessandra","11","63"
"2021","FEMALE","HISPANIC","Summer","11","63"
"2021","FEMALE","HISPANIC","Alayna","11","63"
"2021","FEMALE","HISPANIC","Alaina","11","63"
"2021","FEMALE","HISPANIC","Alessia","11","63"
"2021","FEMALE","HISPANIC","Ivy","11","63"
"2021","FEMALE","HISPANIC","Valery","11","63"
"2021","FEMALE","HISPANIC","Adele","10","64"
"2021","FEMALE","HISPANIC","Noa","10","64"
"2021","FEMALE","HISPANIC","Alisson","10","64"
"2021","FEMALE","HISPANIC","Annalise","10","64"
"2021","FEMALE","HISPANIC","Anna","10","64"
"2021","FEMALE","HISPANIC","Sadie","10","64"
"2021","FEMALE","HISPANIC","Miranda","10","64"
"2021","FEMALE","HISPANIC","Miracle","10","64"
"2021","FEMALE","HISPANIC","Myla","10","64"
"2021","FEMALE","HISPANIC","Leyla","10","64"
"2021","FEMALE","HISPANIC","Londyn","10","64"
"2021","FEMALE","HISPANIC","Nashla","10","64"
"2021","FEMALE","HISPANIC","Jayla","10","64"
"2021","FEMALE","HISPANIC","Rosalia","10","64"
"2021","FEMALE","HISPANIC","Jennifer","10","64"
"2021","FEMALE","HISPANIC","Hayley","10","64"
"2021","FEMALE","HISPANIC","Madeline","10","64"
"2021","FEMALE","HISPANIC","Iris","10","64"
"2021","FEMALE","HISPANIC","Leslie","10","64"
"2021","FEMALE","HISPANIC","Wynter","10","64"
"2021","FEMALE","HISPANIC","Chelsea","10","64"
"2021","FEMALE","HISPANIC","Brittany","10","64"
"2021","FEMALE","HISPANIC","Celeste","10","64"
"2021","FEMALE","HISPANIC","Daniella","10","64"
"2021","FEMALE","HISPANIC","Ariel","10","64"
"2021","FEMALE","HISPANIC","Briana","10","64"
"2021","FEMALE","HISPANIC","Gracie","10","64"
"2021","FEMALE","HISPANIC","Lesly","10","64"
"2021","FEMALE","WHITE NON HISPANIC","Esther","210","1"
"2021","FEMALE","WHITE NON HISPANIC","Leah","201","2"
"2021","FEMALE","WHITE NON HISPANIC","Chaya","190","3"
"2021","FEMALE","WHITE NON HISPANIC","Emma","183","4"
"2021","FEMALE","WHITE NON HISPANIC","Rachel","173","5"
"2021","FEMALE","WHITE NON HISPANIC","Miriam","172","6"
"2021","FEMALE","WHITE NON HISPANIC","Olivia","168","7"
"2021","FEMALE","WHITE NON HISPANIC","Sarah","160","8"
"2021","FEMALE","WHITE NON HISPANIC","Sophia","146","9"
"2021","FEMALE","WHITE NON HISPANIC","Charlotte","134","10"
"2021","FEMALE","WHITE NON HISPANIC","Rivka","128","11"
"2021","FEMALE","WHITE NON HISPANIC","Chana","127","12"
"2021","FEMALE","WHITE NON HISPANIC","Sara","121","13"
"2021","FEMALE","WHITE NON HISPANIC","Sofia","109","14"
"2021","FEMALE","WHITE NON HISPANIC","Ava","100","15"
"2021","FEMALE","WHITE NON HISPANIC","Mia","100","15"
"2021","FEMALE","WHITE NON HISPANIC","Amelia","100","15"
"2021","FEMALE","WHITE NON HISPANIC","Maya","99","16"
"2021","FEMALE","WHITE NON HISPANIC","Ella","95","17"
"2021","FEMALE","WHITE NON HISPANIC","Lily","95","17"
"2021","FEMALE","WHITE NON HISPANIC","Chloe","86","18"
"2021","FEMALE","WHITE NON HISPANIC","Rivky","82","19"
"2021","FEMALE","WHITE NON HISPANIC","Mila","80","20"
"2021","FEMALE","WHITE NON HISPANIC","Emily","80","20"
"2021","FEMALE","WHITE NON HISPANIC","Malky","79","21"
"2021","FEMALE","WHITE NON HISPANIC","Zoe","78","22"
"2021","FEMALE","WHITE NON HISPANIC","Isabella","75","23"
"2021","FEMALE","WHITE NON HISPANIC","Gitty","74","24"
"2021","FEMALE","WHITE NON HISPANIC","Emilia","71","25"
"2021","FEMALE","WHITE NON HISPANIC","Faigy","71","25"
"2021","FEMALE","WHITE NON HISPANIC","Malka","70","26"
"2021","FEMALE","WHITE NON HISPANIC","Sophie","69","27"
"2021","FEMALE","WHITE NON HISPANIC","Raizy","66","28"
"2021","FEMALE","WHITE NON HISPANIC","Stella","66","28"
"2021","FEMALE","WHITE NON HISPANIC","Abigail","64","29"
"2021","FEMALE","WHITE NON HISPANIC","Shaindy","63","30"
"2021","FEMALE","WHITE NON HISPANIC","Grace","62","31"
"2021","FEMALE","WHITE NON HISPANIC","Penelope","62","31"
"2021","FEMALE","WHITE NON HISPANIC","Baila","61","32"
"2021","FEMALE","WHITE NON HISPANIC","Elizabeth","60","33"
"2021","FEMALE","WHITE NON HISPANIC","Eleanor","58","34"
"2021","FEMALE","WHITE NON HISPANIC","Nora","58","34"
"2021","FEMALE","WHITE NON HISPANIC","Layla","57","35"
"2021","FEMALE","WHITE NON HISPANIC","Eva","56","36"
"2021","FEMALE","WHITE NON HISPANIC","Aria","55","37"
"2021","FEMALE","WHITE NON HISPANIC","Noa","54","38"
"2021","FEMALE","WHITE NON HISPANIC","Rose","54","38"
"2021","FEMALE","WHITE NON HISPANIC","Yitty","53","39"
"2021","FEMALE","WHITE NON HISPANIC","Ruby","53","39"
"2021","FEMALE","WHITE NON HISPANIC","Hannah","52","40"
"2021","FEMALE","WHITE NON HISPANIC","Luna","50","41"
"2021","FEMALE","WHITE NON HISPANIC","Eliana","50","41"
"2021","FEMALE","WHITE NON HISPANIC","Devorah","49","42"
"2021","FEMALE","WHITE NON HISPANIC","Dina","49","42"
"2021","FEMALE","WHITE NON HISPANIC","Victoria","49","42"
"2021","FEMALE","WHITE NON HISPANIC","Madison","49","42"
"2021","FEMALE","WHITE NON HISPANIC","Gabriella","48","43"
"2021","FEMALE","WHITE NON HISPANIC","Sienna","47","44"
"2021","FEMALE","WHITE NON HISPANIC","Anna","47","44"
"2021","FEMALE","WHITE NON HISPANIC","Toby","47","44"
"2021","FEMALE","WHITE NON HISPANIC","Alice","47","44"
"2021","FEMALE","WHITE NON HISPANIC","Ayla","46","45"
"2021","FEMALE","WHITE NON HISPANIC","Avery","45","46"
"2021","FEMALE","WHITE NON HISPANIC","Josephine","45","46"
"2021","FEMALE","WHITE NON HISPANIC","Julia","45","46"
"2021","FEMALE","WHITE NON HISPANIC","Chany","43","47"
"2021","FEMALE","WHITE NON HISPANIC","Isabelle","43","47"
"2021","FEMALE","WHITE NON HISPANIC","Sury","43","47"
"2021","FEMALE","WHITE NON HISPANIC","Isla","43","47"
"2021","FEMALE","WHITE NON HISPANIC","Caroline","42","48"
"2021","FEMALE","WHITE NON HISPANIC","Evelyn","42","48"
"2021","FEMALE","WHITE NON HISPANIC","Naomi","42","48"
"2021","FEMALE","WHITE NON HISPANIC","Violet","41","49"
"2021","FEMALE","WHITE NON HISPANIC","Harper","41","49"
"2021","FEMALE","WHITE NON HISPANIC","Hindy","40","50"
"2021","FEMALE","WHITE NON HISPANIC","Lucy","40","50"
"2021","FEMALE","WHITE NON HISPANIC","Scarlett","40","50"
"2021","FEMALE","WHITE NON HISPANIC","Bracha","40","50"
"2021","FEMALE","WHITE NON HISPANIC","Eloise","40","50"
"2021","FEMALE","WHITE NON HISPANIC","Sloane","40","50"
"2021","FEMALE","WHITE NON HISPANIC","Maeve","40","50"
"2021","FEMALE","WHITE NON HISPANIC","Alexandra","39","51"
"2021","FEMALE","WHITE NON HISPANIC","Goldy","39","51"
"2021","FEMALE","WHITE NON HISPANIC","Juliette","39","51"
"2021","FEMALE","WHITE NON HISPANIC","Talia","39","51"
"2021","FEMALE","WHITE NON HISPANIC","Nina","38","52"
"2021","FEMALE","WHITE NON HISPANIC","Sadie","37","53"
"2021","FEMALE","WHITE NON HISPANIC","Claire","37","53"
"2021","FEMALE","WHITE NON HISPANIC","Molly","37","53"
"2021","FEMALE","WHITE NON HISPANIC","Esty","36","54"
"2021","FEMALE","WHITE NON HISPANIC","Natalie","36","54"
"2021","FEMALE","WHITE NON HISPANIC","Gemma","35","55"
"2021","FEMALE","WHITE NON HISPANIC","Margot","35","55"
"2021","FEMALE","WHITE NON HISPANIC","Clara","35","55"
"2021","FEMALE","WHITE NON HISPANIC","Valentina","34","56"
"2021","FEMALE","WHITE NON HISPANIC","Bella","34","56"
"2021","FEMALE","WHITE NON HISPANIC","Chava","34","56"
"2021","FEMALE","WHITE NON HISPANIC","Libby","33","57"
"2021","FEMALE","WHITE NON HISPANIC","Gianna","32","58"
"2021","FEMALE","WHITE NON HISPANIC","Lila","32","58"
"2021","FEMALE","WHITE NON HISPANIC","Madeline","32","58"
"2021","FEMALE","WHITE NON HISPANIC","Pessy","32","58"
"2021","FEMALE","WHITE NON HISPANIC","Eliza","32","58"
"2021","FEMALE","WHITE NON HISPANIC","Amina","32","58"
"2021","FEMALE","WHITE NON HISPANIC","Zoey","31","59"
"2021","FEMALE","WHITE NON HISPANIC","Aisha","31","59"
"2021","FEMALE","WHITE NON HISPANIC","Aurora","31","59"
"2021","FEMALE","WHITE NON HISPANIC","Henny","31","59"
"2021","FEMALE","WHITE NON HISPANIC","Quinn","31","59"
"2021","FEMALE","WHITE NON HISPANIC","Zissy","31","59"
"2021","FEMALE","WHITE NON HISPANIC","Lillian","31","59"
"2021","FEMALE","WHITE NON HISPANIC","Hailey","30","60"
"2021","FEMALE","WHITE NON HISPANIC","Isabel","30","60"
"2021","FEMALE","WHITE NON HISPANIC","Cecilia","30","60"
"2021","FEMALE","WHITE NON HISPANIC","Riley","29","61"
"2021","FEMALE","WHITE NON HISPANIC","Yocheved","29","61"
"2021","FEMALE","WHITE NON HISPANIC","Ellie","28","62"
"2021","FEMALE","WHITE NON HISPANIC","Blima","28","62"
"2021","FEMALE","WHITE NON HISPANIC","Nechama","28","62"
"2021","FEMALE","WHITE NON HISPANIC","Rebecca","28","62"
"2021","FEMALE","WHITE NON HISPANIC","Liba","28","62"
"2021","FEMALE","WHITE NON HISPANIC","Ruth","28","62"
"2021","FEMALE","WHITE NON HISPANIC","Idy","28","62"
"2021","FEMALE","WHITE NON HISPANIC","Pearl","27","63"
"2021","FEMALE","WHITE NON HISPANIC","Adele","27","63"
"2021","FEMALE","WHITE NON HISPANIC","Elle","27","63"
"2021","FEMALE","WHITE NON HISPANIC","Maryam","27","63"
"2021","FEMALE","WHITE NON HISPANIC","Frances","27","63"
"2021","FEMALE","WHITE NON HISPANIC","Sydney","26","64"
"2021","FEMALE","WHITE NON HISPANIC","Summer","26","64"
"2021","FEMALE","WHITE NON HISPANIC","Yael","26","64"
"2021","FEMALE","WHITE NON HISPANIC","Francesca","26","64"
"2021","FEMALE","WHITE NON HISPANIC","Rochel","26","64"
"2021","FEMALE","WHITE NON HISPANIC","Ariana","25","65"
"2021","FEMALE","WHITE NON HISPANIC","Georgia","25","65"
"2021","FEMALE","WHITE NON HISPANIC","Ivy","25","65"
"2021","FEMALE","WHITE NON HISPANIC","Vivian","25","65"
"2021","FEMALE","WHITE NON HISPANIC","Lucia","25","65"
"2021","FEMALE","WHITE NON HISPANIC","Yides","24","66"
"2021","FEMALE","WHITE NON HISPANIC","Charlie","24","66"
"2021","FEMALE","WHITE NON HISPANIC","Alma","24","66"
"2021","FEMALE","WHITE NON HISPANIC","Cora","24","66"
"2021","FEMALE","WHITE NON HISPANIC","Willa","24","66"
"2021","FEMALE","WHITE NON HISPANIC","Hadassah","24","66"
"2021","FEMALE","WHITE NON HISPANIC","Audrey","23","67"
"2021","FEMALE","WHITE NON HISPANIC","Lyla","23","67"
"2021","FEMALE","WHITE NON HISPANIC","Bruchy","23","67"
"2021","FEMALE","WHITE NON HISPANIC","Margaret","23","67"
"2021","FEMALE","WHITE NON HISPANIC","Ariella","23","67"
"2021","FEMALE","WHITE NON HISPANIC","Ruchy","23","67"
"2021","FEMALE","WHITE NON HISPANIC","Yehudis","23","67"
"2021","FEMALE","WHITE NON HISPANIC","Kayla","22","68"
"2021","FEMALE","WHITE NON HISPANIC","Maria","22","68"
"2021","FEMALE","WHITE NON HISPANIC","Faiga","22","68"
"2021","FEMALE","WHITE NON HISPANIC","Eden","22","68"
"2021","FEMALE","WHITE NON HISPANIC","Juliet","22","68"
"2021","FEMALE","WHITE NON HISPANIC","Olive","22","68"
"2021","FEMALE","WHITE NON HISPANIC","Beatrice","22","68"
"2021","FEMALE","WHITE NON HISPANIC","Iris","21","69"
"2021","FEMALE","WHITE NON HISPANIC","Michelle","21","69"
"2021","FEMALE","WHITE NON HISPANIC","Lia","21","69"
"2021","FEMALE","WHITE NON HISPANIC","Etty","21","69"
"2021","FEMALE","WHITE NON HISPANIC","Golda","21","69"
"2021","FEMALE","WHITE NON HISPANIC","Hazel","21","69"
"2021","FEMALE","WHITE NON HISPANIC","Fiona","21","69"
"2021","FEMALE","WHITE NON HISPANIC","Colette","21","69"
"2021","FEMALE","WHITE NON HISPANIC","Daisy","21","69"
"2021","FEMALE","WHITE NON HISPANIC","Skylar","20","70"
"2021","FEMALE","WHITE NON HISPANIC","Vivienne","20","70"
"2021","FEMALE","WHITE NON HISPANIC","Shoshana","20","70"
"2021","FEMALE","WHITE NON HISPANIC","Mira","20","70"
"2021","FEMALE","WHITE NON HISPANIC","Amira","20","70"
"2021","FEMALE","WHITE NON HISPANIC","Elena","20","70"
"2021","FEMALE","WHITE NON HISPANIC","Lina","20","70"
"2021","FEMALE","WHITE NON HISPANIC","Mindy","20","70"
"2021","FEMALE","WHITE NON HISPANIC","Fraidy","19","71"
"2021","FEMALE","WHITE NON HISPANIC","Genevieve","19","71"
"2021","FEMALE","WHITE NON HISPANIC","Mackenzie","19","71"
"2021","FEMALE","WHITE NON HISPANIC","Angelina","19","71"
"2021","FEMALE","WHITE NON HISPANIC","Mariam","19","71"
"2021","FEMALE","WHITE NON HISPANIC","Vera","19","71"
"2021","FEMALE","WHITE NON HISPANIC","Lena","19","71"
"2021","FEMALE","WHITE NON HISPANIC","Daphne","19","71"
"2021","FEMALE","WHITE NON HISPANIC","Poppy","19","71"
"2021","FEMALE","WHITE NON HISPANIC","Savannah","19","71"
"2021","FEMALE","WHITE NON HISPANIC","Batsheva","18","72"
"2021","FEMALE","WHITE NON HISPANIC","Liliana","18","72"
"2021","FEMALE","WHITE NON HISPANIC","Frady","18","72"
"2021","FEMALE","WHITE NON HISPANIC","Nicole","18","72"
"2021","FEMALE","WHITE NON HISPANIC","Parker","18","72"
"2021","FEMALE","WHITE NON HISPANIC","Remi","18","72"
"2021","FEMALE","WHITE NON HISPANIC","Tessa","18","72"
"2021","FEMALE","WHITE NON HISPANIC","Sima","18","72"
"2021","FEMALE","WHITE NON HISPANIC","Willow","17","73"
"2021","FEMALE","WHITE NON HISPANIC","Adina","17","73"
"2021","FEMALE","WHITE NON HISPANIC","Blake","17","73"
"2021","FEMALE","WHITE NON HISPANIC","Diana","17","73"
"2021","FEMALE","WHITE NON HISPANIC","Florence","17","73"
"2021","FEMALE","WHITE NON HISPANIC","Celine","17","73"
"2021","FEMALE","WHITE NON HISPANIC","Eve","17","73"
"2021","FEMALE","WHITE NON HISPANIC","Kaia","17","73"
"2021","FEMALE","WHITE NON HISPANIC","Hana","17","73"
"2021","FEMALE","WHITE NON HISPANIC","Madeleine","17","73"
"2021","FEMALE","WHITE NON HISPANIC","Reese","17","73"
"2021","FEMALE","WHITE NON HISPANIC","Adeline","16","74"
"2021","FEMALE","WHITE NON HISPANIC","Devora","16","74"
"2021","FEMALE","WHITE NON HISPANIC","Amalia","16","74"
"2021","FEMALE","WHITE NON HISPANIC","Frimet","16","74"
"2021","FEMALE","WHITE NON HISPANIC","Fraida","16","74"
"2021","FEMALE","WHITE NON HISPANIC","Gia","16","74"
"2021","FEMALE","WHITE NON HISPANIC","Laila","16","74"
"2021","FEMALE","WHITE NON HISPANIC","Layan","16","74"
"2021","FEMALE","WHITE NON HISPANIC","Liv","16","74"
"2021","FEMALE","WHITE NON HISPANIC","Nova","16","74"
"2021","FEMALE","WHITE NON HISPANIC","Lola","16","74"
"2021","FEMALE","WHITE NON HISPANIC","Serena","16","74"
"2021","FEMALE","WHITE NON HISPANIC","Noor","16","74"
"2021","FEMALE","WHITE NON HISPANIC","Phoebe","16","74"
"2021","FEMALE","WHITE NON HISPANIC","Shaindel","15","75"
"2021","FEMALE","WHITE NON HISPANIC","Perl","15","75"
"2021","FEMALE","WHITE NON HISPANIC","Shifra","15","75"
"2021","FEMALE","WHITE NON HISPANIC","Perel","15","75"
"2021","FEMALE","WHITE NON HISPANIC","Rechel","15","75"
"2021","FEMALE","WHITE NON HISPANIC","Siena","15","75"
"2021","FEMALE","WHITE NON HISPANIC","Emerson","15","75"
"2021","FEMALE","WHITE NON HISPANIC","Esme","15","75"
"2021","FEMALE","WHITE NON HISPANIC","Liana","15","75"
"2021","FEMALE","WHITE NON HISPANIC","Dylan","15","75"
"2021","FEMALE","WHITE NON HISPANIC","Brooklyn","15","75"
"2021","FEMALE","WHITE NON HISPANIC","Louise","15","75"
"2021","FEMALE","WHITE NON HISPANIC","Ada","15","75"
"2021","FEMALE","WHITE NON HISPANIC","Breindy","15","75"
"2021","FEMALE","WHITE NON HISPANIC","Lydia","15","75"
"2021","FEMALE","WHITE NON HISPANIC","Tziporah","15","75"
"2021","FEMALE","WHITE NON HISPANIC","Thea","15","75"
"2021","FEMALE","WHITE NON HISPANIC","Soliha","15","75"
"2021","FEMALE","WHITE NON HISPANIC","Matilda","15","75"
"2021","FEMALE","WHITE NON HISPANIC","Louisa","14","76"
"2021","FEMALE","WHITE NON HISPANIC","Perry","14","76"
"2021","FEMALE","WHITE NON HISPANIC","Lara","14","76"
"2021","FEMALE","WHITE NON HISPANIC","Leila","14","76"
"2021","FEMALE","WHITE NON HISPANIC","Rivkah","14","76"
"2021","FEMALE","WHITE NON HISPANIC","Imona","14","76"
"2021","FEMALE","WHITE NON HISPANIC","Roizy","14","76"
"2021","FEMALE","WHITE NON HISPANIC","Jacqueline","14","76"
"2021","FEMALE","WHITE NON HISPANIC","June","14","76"
"2021","FEMALE","WHITE NON HISPANIC","Tzirel","14","76"
"2021","FEMALE","WHITE NON HISPANIC","Catherine","14","76"
"2021","FEMALE","WHITE NON HISPANIC","Shevy","14","76"
"2021","FEMALE","WHITE NON HISPANIC","Shira","14","76"
"2021","FEMALE","WHITE NON HISPANIC","Safiya","14","76"
"2021","FEMALE","WHITE NON HISPANIC","Clementine","14","76"
"2021","FEMALE","WHITE NON HISPANIC","Sasha","14","76"
"2021","FEMALE","WHITE NON HISPANIC","Chavy","14","76"
"2021","FEMALE","WHITE NON HISPANIC","Adriana","14","76"
"2021","FEMALE","WHITE NON HISPANIC","Alessia","14","76"
"2021","FEMALE","WHITE NON HISPANIC","Blimy","14","76"
"2021","FEMALE","WHITE NON HISPANIC","Brooke","14","76"
"2021","FEMALE","WHITE NON HISPANIC","Camille","14","76"
"2021","FEMALE","WHITE NON HISPANIC","Dua","14","76"
"2021","FEMALE","WHITE NON HISPANIC","Jane","13","77"
"2021","FEMALE","WHITE NON HISPANIC","Milana","13","77"
"2021","FEMALE","WHITE NON HISPANIC","Raizel","13","77"
"2021","FEMALE","WHITE NON HISPANIC","Rory","13","77"
"2021","FEMALE","WHITE NON HISPANIC","Lilah","13","77"
"2021","FEMALE","WHITE NON HISPANIC","Katherine","13","77"
"2021","FEMALE","WHITE NON HISPANIC","Madelyn","13","77"
"2021","FEMALE","WHITE NON HISPANIC","Melanie","13","77"
"2021","FEMALE","WHITE NON HISPANIC","Rosie","13","77"
"2021","FEMALE","WHITE NON HISPANIC","Fatima","13","77"
"2021","FEMALE","WHITE NON HISPANIC","Gittel","13","77"
"2021","FEMALE","WHITE NON HISPANIC","Leyla","13","77"
"2021","FEMALE","WHITE NON HISPANIC","Keira","13","77"
"2021","FEMALE","WHITE NON HISPANIC","Suri","13","77"
"2021","FEMALE","WHITE NON HISPANIC","Adelina","13","77"
"2021","FEMALE","WHITE NON HISPANIC","Annie","13","77"
"2021","FEMALE","WHITE NON HISPANIC","Daniella","13","77"
"2021","FEMALE","WHITE NON HISPANIC","Delilah","13","77"
"2021","FEMALE","WHITE NON HISPANIC","Kira","13","77"
"2021","FEMALE","WHITE NON HISPANIC","Sylvie","13","77"
"2021","FEMALE","WHITE NON HISPANIC","Lea","13","77"
"2021","FEMALE","WHITE NON HISPANIC","Valerie","13","77"
"2021","FEMALE","WHITE NON HISPANIC","Taylor","12","78"
"2021","FEMALE","WHITE NON HISPANIC","Tzipora","12","78"
"2021","FEMALE","WHITE NON HISPANIC","Tehila","12","78"
"2021","FEMALE","WHITE NON HISPANIC","Mary","12","78"
"2021","FEMALE","WHITE NON HISPANIC","Shukrona","12","78"
"2021","FEMALE","WHITE NON HISPANIC","Simone","12","78"
"2021","FEMALE","WHITE NON HISPANIC","Goldie","12","78"
"2021","FEMALE","WHITE NON HISPANIC","Harlow","12","78"
"2021","FEMALE","WHITE NON HISPANIC","Hinda","12","78"
"2021","FEMALE","WHITE NON HISPANIC","Juniper","12","78"
"2021","FEMALE","WHITE NON HISPANIC","Laura","12","78"
"2021","FEMALE","WHITE NON HISPANIC","Everly","12","78"
"2021","FEMALE","WHITE NON HISPANIC","Freya","12","78"
"2021","FEMALE","WHITE NON HISPANIC","Frimy","12","78"
"2021","FEMALE","WHITE NON HISPANIC","Maia","12","78"
"2021","FEMALE","WHITE NON HISPANIC","Michaela","12","78"
"2021","FEMALE","WHITE NON HISPANIC","Arya","12","78"
"2021","FEMALE","WHITE NON HISPANIC","Arielle","12","78"
"2021","FEMALE","WHITE NON HISPANIC","Avigail","12","78"
"2021","FEMALE","WHITE NON HISPANIC","Bianca","12","78"
"2021","FEMALE","WHITE NON HISPANIC","Camila","12","78"
"2021","FEMALE","WHITE NON HISPANIC","Allison","12","78"
"2021","FEMALE","WHITE NON HISPANIC","Miri","12","78"
"2021","FEMALE","WHITE NON HISPANIC","Anastasia","12","78"
"2021","FEMALE","WHITE NON HISPANIC","Annabelle","12","78"
"2021","FEMALE","WHITE NON HISPANIC","Naya","12","78"
"2021","FEMALE","WHITE NON HISPANIC","Addison","12","78"
"2021","FEMALE","WHITE NON HISPANIC","Rosemary","12","78"
"2021","FEMALE","WHITE NON HISPANIC","Danielle","12","78"
"2021","FEMALE","WHITE NON HISPANIC","Adrianna","12","78"
"2021","FEMALE","WHITE NON HISPANIC","Yenty","11","79"
"2021","FEMALE","WHITE NON HISPANIC","Zara","11","79"
"2021","FEMALE","WHITE NON HISPANIC","Shea","11","79"
"2021","FEMALE","WHITE NON HISPANIC","Stevie","11","79"
"2021","FEMALE","WHITE NON HISPANIC","Alina","11","79"
"2021","FEMALE","WHITE NON HISPANIC","Edith","11","79"
"2021","FEMALE","WHITE NON HISPANIC","Frieda","11","79"
"2021","FEMALE","WHITE NON HISPANIC","Athena","11","79"
"2021","FEMALE","WHITE NON HISPANIC","Aurelia","11","79"
"2021","FEMALE","WHITE NON HISPANIC","Aliza","11","79"
"2021","FEMALE","WHITE NON HISPANIC","Arianna","11","79"
"2021","FEMALE","WHITE NON HISPANIC","Brielle","11","79"
"2021","FEMALE","WHITE NON HISPANIC","Aliya","11","79"
"2021","FEMALE","WHITE NON HISPANIC","Cameron","11","79"
"2021","FEMALE","WHITE NON HISPANIC","Jana","11","79"
"2021","FEMALE","WHITE NON HISPANIC","Nava","11","79"
"2021","FEMALE","WHITE NON HISPANIC","Kennedy","11","79"
"2021","FEMALE","WHITE NON HISPANIC","Lielle","11","79"
"2021","FEMALE","WHITE NON HISPANIC","Lilly","11","79"
"2021","FEMALE","WHITE NON HISPANIC","Mae","11","79"
"2021","FEMALE","WHITE NON HISPANIC","Millie","11","79"
"2021","FEMALE","WHITE NON HISPANIC","Nicolette","11","79"
"2021","FEMALE","WHITE NON HISPANIC","Paige","11","79"
"2021","FEMALE","WHITE NON HISPANIC","Peyton","11","79"
"2021","FEMALE","WHITE NON HISPANIC","Muslima","11","79"
"2021","FEMALE","WHITE NON HISPANIC","Julianna","11","79"
"2021","FEMALE","WHITE NON HISPANIC","Romy","11","79"
"2021","FEMALE","WHITE NON HISPANIC","Renee","11","79"
"2021","FEMALE","WHITE NON HISPANIC","Adelaide","10","80"
"2021","FEMALE","WHITE NON HISPANIC","Freidy","10","80"
"2021","FEMALE","WHITE NON HISPANIC","Aviva","10","80"
"2021","FEMALE","WHITE NON HISPANIC","Faye","10","80"
"2021","FEMALE","WHITE NON HISPANIC","Blair","10","80"
"2021","FEMALE","WHITE NON HISPANIC","Celeste","10","80"
"2021","FEMALE","WHITE NON HISPANIC","Demi","10","80"
"2021","FEMALE","WHITE NON HISPANIC","Shay","10","80"
"2021","FEMALE","WHITE NON HISPANIC","Billie","10","80"
"2021","FEMALE","WHITE NON HISPANIC","Elisheva","10","80"
"2021","FEMALE","WHITE NON HISPANIC","Sylvia","10","80"
"2021","FEMALE","WHITE NON HISPANIC","Estelle","10","80"
"2021","FEMALE","WHITE NON HISPANIC","Gabriela","10","80"
"2021","FEMALE","WHITE NON HISPANIC","Lauren","10","80"
"2021","FEMALE","WHITE NON HISPANIC","Leona","10","80"
"2021","FEMALE","WHITE NON HISPANIC","Joelle","10","80"
"2021","FEMALE","WHITE NON HISPANIC","Leora","10","80"
"2021","FEMALE","WHITE NON HISPANIC","Lucille","10","80"
"2021","FEMALE","WHITE NON HISPANIC","Noelle","10","80"
"2021","FEMALE","WHITE NON HISPANIC","Melody","10","80"
"2021","FEMALE","WHITE NON HISPANIC","Mikaela","10","80"
"2021","FEMALE","WHITE NON HISPANIC","Mara","10","80"
"2021","FEMALE","WHITE NON HISPANIC","Natalia","10","80"
"2021","FEMALE","WHITE NON HISPANIC","Rowan","10","80"
"2021","FEMALE","WHITE NON HISPANIC","Shaina","10","80"
"2021","MALE","ASIAN AND PACIFIC ISLANDER","Muhammad","138","1"
"2021","MALE","ASIAN AND PACIFIC ISLANDER","Ethan","119","2"
"2021","MALE","ASIAN AND PACIFIC ISLANDER","Lucas","115","3"
"2021","MALE","ASIAN AND PACIFIC ISLANDER","Aiden","79","4"
"2021","MALE","ASIAN AND PACIFIC ISLANDER","Jasper","74","5"
"2021","MALE","ASIAN AND PACIFIC ISLANDER","Liam","69","6"
"2021","MALE","ASIAN AND PACIFIC ISLANDER","Jayden","69","6"
"2021","MALE","ASIAN AND PACIFIC ISLANDER","Noah","67","7"
"2021","MALE","ASIAN AND PACIFIC ISLANDER","Ryan","63","8"
"2021","MALE","ASIAN AND PACIFIC ISLANDER","Ian","50","9"
"2021","MALE","ASIAN AND PACIFIC ISLANDER","Aaron","44","10"
"2021","MALE","ASIAN AND PACIFIC ISLANDER","Nathan","43","11"
"2021","MALE","ASIAN AND PACIFIC ISLANDER","Oliver","43","11"
"2021","MALE","ASIAN AND PACIFIC ISLANDER","Austin","42","12"
"2021","MALE","ASIAN AND PACIFIC ISLANDER","Alexander","40","13"
"2021","MALE","ASIAN AND PACIFIC ISLANDER","Leo","39","14"
"2021","MALE","ASIAN AND PACIFIC ISLANDER","Mason","36","15"
"2021","MALE","ASIAN AND PACIFIC ISLANDER","Theodore","36","15"
"2021","MALE","ASIAN AND PACIFIC ISLANDER","Henry","36","15"
"2021","MALE","ASIAN AND PACIFIC ISLANDER","Arham","34","16"
"2021","MALE","ASIAN AND PACIFIC ISLANDER","Justin","33","17"
"2021","MALE","ASIAN AND PACIFIC ISLANDER","Mohammad","33","17"
"2021","MALE","ASIAN AND PACIFIC ISLANDER","William","32","18"
"2021","MALE","ASIAN AND PACIFIC ISLANDER","Miles","30","19"
"2021","MALE","ASIAN AND PACIFIC ISLANDER","Ayaan","30","19"
"2021","MALE","ASIAN AND PACIFIC ISLANDER","Daniel","30","19"
"2021","MALE","ASIAN AND PACIFIC ISLANDER","Jacob","30","19"
"2021","MALE","ASIAN AND PACIFIC ISLANDER","Owen","29","20"
"2021","MALE","ASIAN AND PACIFIC ISLANDER","Evan","29","20"
"2021","MALE","ASIAN AND PACIFIC ISLANDER","Dylan","29","20"
"2021","MALE","ASIAN AND PACIFIC ISLANDER","Mohammed","28","21"
"2021","MALE","ASIAN AND PACIFIC ISLANDER","Ibrahim","27","22"
"2021","MALE","ASIAN AND PACIFIC ISLANDER","Jackson","27","22"
"2021","MALE","ASIAN AND PACIFIC ISLANDER","Adam","26","23"
"2021","MALE","ASIAN AND PACIFIC ISLANDER","James","26","23"
"2021","MALE","ASIAN AND PACIFIC ISLANDER","Tenzin","23","24"
"2021","MALE","ASIAN AND PACIFIC ISLANDER","Yusuf","23","24"
"2021","MALE","ASIAN AND PACIFIC ISLANDER","Matthew","23","24"
"2021","MALE","ASIAN AND PACIFIC ISLANDER","Benjamin","23","24"
"2021","MALE","ASIAN AND PACIFIC ISLANDER","Luca","23","24"
"2021","MALE","ASIAN AND PACIFIC ISLANDER","Nathaniel","23","24"
"2021","MALE","ASIAN AND PACIFIC ISLANDER","Mustafa","23","24"
"2021","MALE","ASIAN AND PACIFIC ISLANDER","Logan","22","25"
"2021","MALE","ASIAN AND PACIFIC ISLANDER","Kai","22","25"
"2021","MALE","ASIAN AND PACIFIC ISLANDER","Musa","22","25"
"2021","MALE","ASIAN AND PACIFIC ISLANDER","Samuel","21","26"
"2021","MALE","ASIAN AND PACIFIC ISLANDER","Kyle","21","26"
"2021","MALE","ASIAN AND PACIFIC ISLANDER","Ayden","21","26"
"2021","MALE","ASIAN AND PACIFIC ISLANDER","Caleb","20","27"
"2021","MALE","ASIAN AND PACIFIC ISLANDER","Julian","20","27"
"2021","MALE","ASIAN AND PACIFIC ISLANDER","Kayden","20","27"
"2021","MALE","ASIAN AND PACIFIC ISLANDER","Syed","20","27"
"2021","MALE","ASIAN AND PACIFIC ISLANDER","Leon","20","27"
"2021","MALE","ASIAN AND PACIFIC ISLANDER","Zohan","20","27"
"2021","MALE","ASIAN AND PACIFIC ISLANDER","Jason","19","28"
"2021","MALE","ASIAN AND PACIFIC ISLANDER","Eric","19","28"
"2021","MALE","ASIAN AND PACIFIC ISLANDER","Maxwell","19","28"
"2021","MALE","ASIAN AND PACIFIC ISLANDER","Theo","19","28"
"2021","MALE","ASIAN AND PACIFIC ISLANDER","Ayan","19","28"
"2021","MALE","ASIAN AND PACIFIC ISLANDER","Zayan","19","28"
"2021","MALE","ASIAN AND PACIFIC ISLANDER","Alex","18","29"
"2021","MALE","ASIAN AND PACIFIC ISLANDER","Nicholas","18","29"
"2021","MALE","ASIAN AND PACIFIC ISLANDER","Andrew","18","29"
"2021","MALE","ASIAN AND PACIFIC ISLANDER","Abdullah","18","29"
"2021","MALE","ASIAN AND PACIFIC ISLANDER","Wesley","18","29"
"2021","MALE","ASIAN AND PACIFIC ISLANDER","Jonathan","17","30"
"2021","MALE","ASIAN AND PACIFIC ISLANDER","Isaac","16","31"
"2021","MALE","ASIAN AND PACIFIC ISLANDER","Ivan","16","31"
"2021","MALE","ASIAN AND PACIFIC ISLANDER","Azaan","16","31"
"2021","MALE","ASIAN AND PACIFIC ISLANDER","Louis","16","31"
"2021","MALE","ASIAN AND PACIFIC ISLANDER","Shayan","16","31"
"2021","MALE","ASIAN AND PACIFIC ISLANDER","Hamza","15","32"
"2021","MALE","ASIAN AND PACIFIC ISLANDER","Sebastian","15","32"
"2021","MALE","ASIAN AND PACIFIC ISLANDER","Elijah","15","32"
"2021","MALE","ASIAN AND PACIFIC ISLANDER","Zachary","15","32"
"2021","MALE","ASIAN AND PACIFIC ISLANDER","Arjun","15","32"
"2021","MALE","ASIAN AND PACIFIC ISLANDER","Michael","15","32"
"2021","MALE","ASIAN AND PACIFIC ISLANDER","Joseph","15","32"
"2021","MALE","ASIAN AND PACIFIC ISLANDER","Aarav","14","33"
"2021","MALE","ASIAN AND PACIFIC ISLANDER","Anthony","14","33"
"2021","MALE","ASIAN AND PACIFIC ISLANDER","Zayn","14","33"
"2021","MALE","ASIAN AND PACIFIC ISLANDER","Omar","14","33"
"2021","MALE","ASIAN AND PACIFIC ISLANDER","Kiaan","14","33"
"2021","MALE","ASIAN AND PACIFIC ISLANDER","Jordan","14","33"
"2021","MALE","ASIAN AND PACIFIC ISLANDER","Marcus","14","33"
"2021","MALE","ASIAN AND PACIFIC ISLANDER","Aryan","14","33"
"2021","MALE","ASIAN AND PACIFIC ISLANDER","Ashton","14","33"
"2021","MALE","ASIAN AND PACIFIC ISLANDER","Brian","14","33"
"2021","MALE","ASIAN AND PACIFIC ISLANDER","Max","14","33"
"2021","MALE","ASIAN AND PACIFIC ISLANDER","Eason","14","33"
"2021","MALE","ASIAN AND PACIFIC ISLANDER","Lincoln","13","34"
"2021","MALE","ASIAN AND PACIFIC ISLANDER","Thomas","13","34"
"2021","MALE","ASIAN AND PACIFIC ISLANDER","Hudson","13","34"
"2021","MALE","ASIAN AND PACIFIC ISLANDER","Alan","13","34"
"2021","MALE","ASIAN AND PACIFIC ISLANDER","Jeremy","13","34"
"2021","MALE","ASIAN AND PACIFIC ISLANDER","Aidan","13","34"
"2021","MALE","ASIAN AND PACIFIC ISLANDER","Ali","13","34"
"2021","MALE","ASIAN AND PACIFIC ISLANDER","Carter","13","34"
"2021","MALE","ASIAN AND PACIFIC ISLANDER","Kabir","12","35"
"2021","MALE","ASIAN AND PACIFIC ISLANDER","Tristan","12","35"
"2021","MALE","ASIAN AND PACIFIC ISLANDER","Vincent","12","35"
"2021","MALE","ASIAN AND PACIFIC ISLANDER","Elias","12","35"
"2021","MALE","ASIAN AND PACIFIC ISLANDER","Devin","12","35"
"2021","MALE","ASIAN AND PACIFIC ISLANDER","Asher","12","35"
"2021","MALE","ASIAN AND PACIFIC ISLANDER","Caden","12","35"
"2021","MALE","ASIAN AND PACIFIC ISLANDER","David","12","35"
"2021","MALE","ASIAN AND PACIFIC ISLANDER","Christopher","12","35"
